
{
  "success":true,
  "terms":"https:\/\/currencylayer.com\/terms",
  "privacy":"https:\/\/currencylayer.com\/privacy",
  "timestamp":1610522467,
  "source":"USD",
  "quotes":{
    "USDAED":3.67296,
    "USDAFN":76.648892,
    "USDALL":101.047221,
    "USDAMD":525.440589,
    "USDANG":1.785228,
    "USDAOA":657.502029,
    "USDARS":85.968197,
    "USDAUD":1.28643,
    "USDAWG":1.8,
    "USDAZN":1.696371,
    "USDBAM":1.600784,
    "USDBBD":2.008103,
    "USDBDT":84.342709,
    "USDBGN":1.60288,
    "USDBHD":0.377014,
    "USDBIF":1930.479905,
    "USDBMD":1,
    "USDBND":1.321406,
    "USDBOB":6.847466,
    "USDBRL":5.323298,
    "USDBSD":0.994512,
    "USDBTC":2.9496269e-5,
    "USDBTN":72.848637,
    "USDBWP":11.019844,
    "USDBYN":2.562121,
    "USDBYR":19600,
    "USDBZD":2.004665,
    "USDCAD":1.27138,
    "USDCDF":1970.000218,
    "USDCHF":0.885773,
    "USDCLF":0.026275,
    "USDCLP":725.000023,
    "USDCNY":6.454898,
    "USDCOP":3477,
    "USDCRC":611.59514,
    "USDCUC":1,
    "USDCUP":26.5,
    "USDCVE":90.248364,
    "USDCZK":21.42635,
    "USDDJF":177.048805,
    "USDDKK":6.088795,
    "USDDOP":57.992069,
    "USDDZD":132.894274,
    "USDEGP":15.669401,
    "USDERN":15.00037,
    "USDETB":39.08406,
    "USDEUR":0.818566,
    "USDFJD":2.03755,
    "USDFKP":0.730771,
    "USDGBP":0.73065,
    "USDGEL":3.302368,
    "USDGGP":0.730771,
    "USDGHS":5.823072,
    "USDGIP":0.730771,
    "USDGMD":51.698339,
    "USDGNF":10209.976224,
    "USDGTQ":7.754952,
    "USDGYD":208.111835,
    "USDHKD":7.75385,
    "USDHNL":24.001375,
    "USDHRK":6.204496,
    "USDHTG":70.875467,
    "USDHUF":293.83399,
    "USDIDR":14081.5,
    "USDILS":3.142399,
    "USDIMP":0.730771,
    "USDINR":73.109757,
    "USDIQD":1452.032035,
    "USDIRR":42105.000083,
    "USDISK":127.689547,
    "USDJEP":0.730771,
    "USDJMD":142.010386,
    "USDJOD":0.708991,
    "USDJPY":103.658984,
    "USDKES":109.801052,
    "USDKGS":83.784198,
    "USDKHR":4044.835305,
    "USDKMF":403.949696,
    "USDKPW":900.050485,
    "USDKRW":1095.809841,
    "USDKWD":0.30306,
    "USDKYD":0.828777,
    "USDKZT":418.047144,
    "USDLAK":9252.250778,
    "USDLBP":1512.137214,
    "USDLKR":188.963578,
    "USDLRD":168.000005,
    "USDLSL":15.34976,
    "USDLTL":2.95274,
    "USDLVL":0.60489,
    "USDLYD":4.407495,
    "USDMAD":8.832499,
    "USDMDL":17.121133,
    "USDMGA":3790.694914,
    "USDMKD":50.4299,
    "USDMMK":1322.242093,
    "USDMNT":2860.696302,
    "USDMOP":7.94423,
    "USDMRO":356.999828,
    "USDMUR":39.250044,
    "USDMVR":15.405011,
    "USDMWK":768.138942,
    "USDMXN":19.80694,
    "USDMYR":4.036997,
    "USDMZN":74.980036,
    "USDNAD":15.349769,
    "USDNGN":381.206959,
    "USDNIO":34.659377,
    "USDNOK":8.43365,
    "USDNPR":116.557061,
    "USDNZD":1.38366,
    "USDOMR":0.384523,
    "USDPAB":0.99452,
    "USDPEN":3.61103,
    "USDPGK":3.505633,
    "USDPHP":48.033987,
    "USDPKR":160.397201,
    "USDPLN":3.70205,
    "USDPYG":6866.124848,
    "USDQAR":3.641004,
    "USDRON":3.988397,
    "USDRSD":96.250027,
    "USDRUB":73.464988,
    "USDRWF":985.967483,
    "USDSAR":3.751638,
    "USDSBD":7.970152,
    "USDSCR":21.204208,
    "USDSDG":55.24985,
    "USDSEK":8.246502,
    "USDSGD":1.32244,
    "USDSHP":0.730771,
    "USDSLL":10205.000362,
    "USDSOS":584.000256,
    "USDSRD":14.154014,
    "USDSTD":20834.863349,
    "USDSVC":8.701915,
    "USDSYP":512.823614,
    "USDSZL":15.336817,
    "USDTHB":29.959503,
    "USDTJS":11.332916,
    "USDTMT":3.5,
    "USDTND":2.702006,
    "USDTOP":2.275097,
    "USDTRY":7.440975,
    "USDTTD":6.762236,
    "USDTWD":28.008498,
    "USDTZS":2319.000373,
    "USDUAH":27.882436,
    "USDUGX":3694.727839,
    "USDUSD":1,
    "USDUYU":42.234108,
    "USDUZS":10402.853144,
    "USDVEF":9.987498,
    "USDVND":23064.5,
    "USDVUV":108.093372,
    "USDWST":2.512461,
    "USDXAF":536.875361,
    "USDXAG":0.03916,
    "USDXAU":0.000538,
    "USDXCD":2.70255,
    "USDXDR":0.690536,
    "USDXOF":536.875361,
    "USDXPF":98.449656,
    "USDYER":250.401353,
    "USDZAR":15.25276,
    "USDZMK":9001.222666,
    "USDZMW":21.119168,
    "USDZWL":322.000186
  }
}
